coments;country
Ha Long Bay r_t __p và là m_t _i_m __n tuy_t v_i;Vi_t Nam
Bangkok là m_t thành ph_ sôi __ng và __y màu s_c;Thái Lan
Nha Trang có bãi bi_n __p và nhi_u ho_t __ng thú v_ cho du khách du l_ch;Vi_t Nam
Chiang Mai là m_t thành ph_ xinh __p và yên t_nh;Thái Lan
Hà N_i là th_ _ô có nhi_u di s_n v_n hóa l_ch s_ _áng xem;Vi_t Nam
Phuket là m_t __o nhi_t __i v_i bãi bi_n và khung c_nh __p tuy_t v_i;Thái Lan
Sapa là m_t _i_m __n du l_ch n_i ti_ng v_i khí h_u mát m_ và c_nh quan thiên nhiên __p;Vi_t Nam
Pattaya là m_t _i_m __n du l_ch n_i ti_ng v_i bãi bi_n __p và các ho_t __ng gi_i trí sôi __ng;Thái Lan
H_ Long là m_t thành ph_ ven bi_n v_i nh_ng hòn __o __p và các chuy_n du thuy_n thú v_;Vi_t Nam
Krabi là m_t vùng du l_ch __p v_i các bãi bi_n và r_n san hô __p tuy_t v_i;Thái Lan
Hu_ là m_t thành ph_ l_ch s_ c_a Vi_t Nam v_i nhi_u di s_n v_n hóa _áng xem;Vi_t Nam
_à N_ng là thành ph_ bi_n __p v_i bãi bi_n M_ Khê và c_u R_ng n_i ti_ng;Vi_t Nam
Krung Thep là tên g_i Bangkok b_ng ti_ng Thái và là m_t thành ph_ __y màu s_c và __c s_c;Thái Lan
H_i An là m_t _i_m du l_ch n_i ti_ng ki_n trúc c_ kính và ___ng ph_ xinh __p;Vi_t Nam
Pai là m_t th_ tr_n nh_ _ Thái Lan ___c bi_t __n v_i khí h_u mát m_ và các ho_t __ng gi_i trí yên t_nh;Thái Lan
Phan Thi_t là m_t thành ph_ ven bi_n n_i ti_ng bãi bi_n M_i Né __p tuy_t v_i;Vi_t Nam
Chiang Rai là m_t thành ph_ __p và yên bình v_i nhi_u _i_m tham quan _áng xem;Thái Lan
_à L_t là thành ph_ n_i ti_ng v_i khí h_u mát m_ và nhi_u ho_t __ng gi_i trí;Vi_t Nam
Samui là m_t __o nhi_t __i __p v_i bãi bi_n và r_n san hô __p tuy_t v_i;Thái Lan
H_ Long là m_t v_nh __p v_i nhi_u hòn __o và hang __ng _áng khám phá;Vi_t Nam
__ng Tháp là m_t t_nh v_i nh_ng cánh __ng lúa th_ m_ng;Vi_t Nam
C_n Th_ là m_t thành ph_ l_n có h_ th_ng sông n__c phong phú và ch_ n_i n_i ti_ng;Vi_t Nam
Krabi là m_t t_nh có nh_ng bãi bi_n __p và _á vôi hình thù __c _áo;Thái Lan
Ti_n Giang là m_t t_nh v_i nhi_u cánh __ng xoài và cây trái __c s_n;Vi_t Nam
Phuket là m_t t_nh __o v_i nhi_u bãi bi_n __p và các khu ngh_ d__ng sang tr_ng;Thái Lan
Bình Thu_n là m_t t_nh v_i bãi bi_n M_i Né và __i cát tr_ng n_i ti_ng;Vi_t Nam
V_ng Tàu là m_t thành ph_ ngh_ d__ng ven bi_n v_i bãi bi_n và phong c_nh __p;Vi_t Nam
Nakhon Si Thammarat là m_t t_nh v_i các __n chùa và l_ h_i __c tr_ng;Thái Lan
Long An là m_t t_nh v_i nhi_u di s_n v_n hóa và các cánh __ng lúa chín m_ng;Vi_t Nam
_à L_t là m_t _i_m __n du l_ch h_p d_n v_i khí h_u mát m_ và phong c_nh thiên nhiên __p;Vi_t Nam
C_n Th_ là trung tâm kinh t_ và du l_ch c_a mi_n Tây Nam B_ v_i nhi_u __a _i_m tham quan nh_ b_n Ninh Ki_u ch_ n_i Cái R_ng;Vi_t Nam
H_ Chí Minh là thành ph_ l_n nh_t Vi_t Nam n_i có nhi_u _i_m __n du l_ch nh_ ch_ B_n Thành nhà hát Thành ph_ H_ Chí Minh;Vi_t Nam
Phú Qu_c là m_t hòn __o v_i bãi bi_n __p và nhi_u resort cao c_p;Vi_t Nam
Phuket là m_t trong nh_ng __a _i_m du l_ch n_i ti_ng nh_t c_a Thái Lan v_i các bãi bi_n tuy_t __p nh_ bãi bi_n Patong Kamala;Thái Lan
Krabi là m_t t_nh ven bi_n _ mi_n nam Thái Lan n_i ti_ng v_i các __a _i_m du l_ch nh_ Ao Nang Railay Bay;Thái Lan
V_ng Tàu là m_t _i_m __n du l_ch thú v_ v_i nh_ng bãi bi_n __p và nh_ng _i_m tham quan l_ch s_ nh_ __n th_ __i T__ng Bà;Vi_t Nam
_à N_ng là thành ph_ du l_ch n_i ti_ng c_a mi_n Trung Vi_t Nam v_i bãi bi_n M_ Khê c_u R_ng nhà th_ _á;Vi_t Nam
Nha Trang là m_t thành ph_ bi_n v_i nh_ng bãi bi_n tuy_t __p nh_ bãi bi_n Tr_n Phú hòn T_m;Vi_t Nam
H_i An là m_t thành ph_ c_ n_i l_u gi_ nhi_u di s_n v_n hóa ki_n trúc c_ kính và n_i ti_ng v_i các món _n __c s_n;Vi_t Nam
Chumphon là m_t t_nh ven bi_n n_i có bãi bi_n __p và r_t nhi_u _i_m du l_ch h_p d_n nh_ __o Koh Samet;Thái Lan
Koh Samui là m_t hòn __o n_i ti_ng c_a Thái Lan v_i các bãi bi_n __p các chùa __n l_ch s_ nh_ng khu v_c mua s_m s_m u_t và các khu ngh_ d__ng cao c_p;Thái Lan
Hu_ là m_t thành ph_ l_ch s_ n_i ti_ng v_i các __a danh nh_ kinh thành __i n_i các ngôi __n chùa l_ch s_ và c_nh quan thiên nhiên tuy_t __p;Vi_t Nam
Quy Nh_n là m_t thành ph_ ven bi_n v_i các bãi bi_n __p __c bi_t là bãi bi_n Nh_n L_ các di tích l_ch s_ và các món _n __c s_n;Vi_t Nam
Krabi là m_t t_nh ven bi_n _ mi_n Trung Thái Lan n_i có các bãi bi_n __p r_ng nhi_t __i h_ th_ng hang __ng và các khu ngh_ d__ng cao c_p;Thái Lan
Phuket là m_t hòn __o n_i ti_ng c_a Thái Lan v_i các bãi bi_n __p các __a _i_m du l_ch l_ch s_ và v_n hóa các khu v_c mua s_m s_m u_t và các khu ngh_ d__ng cao c_p;Thái Lan
Nha Trang là m_t thành ph_ v_i bãi bi_n __p các __a _i_m du l_ch l_ch s_ và v_n hóa các khu v_c mua s_m và _m th_c phong phú;Vi_t Nam
Hu_ là m_t _i_m __n du l_ch l_ch s_ v_i nh_ng di tích v_n hóa ki_n trúc c_ kính và c_nh quan thiên nhiên __p nh_ sông H__ng núi Ng_ Bình và _èo H_i Vân;Vi_t Nam
_à N_ng là m_t thành ph_ du l_ch phát tri_n v_i các __a danh nh_ bán __o S_n Trà c_u R_ng và bãi bi_n M_ Khê;Vi_t Nam
H_i An là m_t thành ph_ c_ kính v_i nh_ng di s_n v_n hóa ki_n trúc c_ kính và các món _n __c s_n nh_ bánh mì Ph__ng bánh __p mì Qu_ng;Vi_t Nam
Krabi là m_t t_nh ven bi_n v_i các bãi bi_n __p r_ng nhi_t __i các khu ngh_ d__ng sang tr_ng và th_c _n __c s_n __c _áo;Thái Lan
Phuket là m_t hòn __o l_n và n_i ti_ng v_i bãi bi_n Patong n_i ti_ng các khu v_c mua s_m s_m u_t các công trình ki_n trúc __c bi_t và các khu ngh_ d__ng cao c_p;Thái Lan